"기준_년_코드","기준_분기_코드","시군구_코드","시군구_코드_명","상권_변화_지표","상권_변화_지표_명","운영_영업_개월_평균","폐업_영업_개월_평균","서울_운영_영업_개월_평균","서울_폐업_영업_개월_평균"
"2019","4","11740","강동구","LL","다이나믹","105","50","110","54"
"2019","4","11710","송파구","LL","다이나믹","110","53","110","54"
"2019","4","11680","강남구","LL","다이나믹","106","50","110","54"
"2019","4","11650","서초구","HH","정체","118","54","110","54"
"2019","4","11620","관악구","LL","다이나믹","108","52","110","54"
"2019","4","11590","동작구","HH","정체","114","57","110","54"
"2019","4","11560","영등포구","HH","정체","115","54","110","54"
"2019","4","11545","금천구","LL","다이나믹","104","52","110","54"
"2019","4","11530","구로구","LL","다이나믹","110","52","110","54"
"2019","4","11500","강서구","LL","다이나믹","94","50","110","54"
"2019","4","11470","양천구","LL","다이나믹","104","50","110","54"
"2019","4","11440","마포구","LL","다이나믹","92","50","110","54"
"2019","4","11410","서대문구","HH","정체","114","55","110","54"
"2019","4","11380","은평구","LL","다이나믹","104","53","110","54"
"2019","4","11350","노원구","LL","다이나믹","101","51","110","54"
"2019","4","11320","도봉구","LL","다이나믹","103","51","110","54"
"2019","4","11305","강북구","LL","다이나믹","105","51","110","54"
"2019","4","11290","성북구","HH","정체","111","56","110","54"
"2019","4","11260","중랑구","LL","다이나믹","107","50","110","54"
"2019","4","11230","동대문구","HH","정체","122","56","110","54"
"2019","4","11215","광진구","LL","다이나믹","105","52","110","54"
"2019","4","11200","성동구","LH","상권확장","105","57","110","54"
"2019","4","11170","용산구","HH","정체","120","57","110","54"
"2019","4","11140","중구","HH","정체","134","62","110","54"
"2019","4","11110","종로구","HH","정체","128","62","110","54"
"2019","3","11740","강동구","LL","다이나믹","105","50","109","53"
"2019","3","11710","송파구","LL","다이나믹","98","49","106","52"
"2019","3","11710","송파구","LH","상권확장","107","53","109","53"
"2019","3","11680","강남구","LL","다이나믹","101","49","109","53"
"2019","3","11650","서초구","HH","정체","117","53","109","53"
"2019","3","11620","관악구","LL","다이나믹","107","52","109","53"
"2019","3","11620","관악구","HL","상권축소","106","51","106","52"
"2019","3","11590","동작구","HH","정체","113","57","109","53"
"2019","3","11560","영등포구","HH","정체","114","53","109","53"
"2019","3","11545","금천구","LL","다이나믹","103","51","109","53"
"2019","3","11530","구로구","LL","다이나믹","109","52","109","53"
"2019","3","11500","강서구","LL","다이나믹","94","50","109","53"
"2019","3","11470","양천구","LL","다이나믹","104","50","109","53"
"2019","3","11440","마포구","LL","다이나믹","91","50","109","53"
"2019","3","11410","서대문구","HH","정체","113","55","109","53"
"2019","3","11380","은평구","LL","다이나믹","103","52","109","53"
"2019","3","11380","은평구","LH","상권확장","102","52","106","52"
"2019","3","11350","노원구","LL","다이나믹","101","51","109","53"
"2019","3","11320","도봉구","LL","다이나믹","102","50","109","53"
"2019","3","11305","강북구","LL","다이나믹","105","51","109","53"
"2019","3","11290","성북구","HH","정체","111","55","109","53"
"2019","3","11260","중랑구","LL","다이나믹","107","50","109","53"
"2019","3","11260","중랑구","HL","상권축소","106","49","106","52"
"2019","3","11230","동대문구","HH","정체","121","56","109","53"
"2019","3","11215","광진구","LL","다이나믹","105","52","109","53"
"2019","3","11200","성동구","LH","상권확장","105","57","109","53"
"2019","3","11170","용산구","HH","정체","119","57","109","53"
"2019","3","11140","중구","HH","정체","134","62","109","53"
"2019","3","11110","종로구","HH","정체","127","62","109","53"
"2019","2","11740","강동구","LL","다이나믹","103","49","108","53"
"2019","2","11710","송파구","LL","다이나믹","98","49","105","51"
"2019","2","11710","송파구","LH","상권확장","106","53","108","53"
"2019","2","11680","강남구","LL","다이나믹","99","49","108","53"
"2019","2","11650","서초구","HL","상권축소","111","51","105","51"
"2019","2","11650","서초구","HH","정체","115","53","108","53"
"2019","2","11620","관악구","LL","다이나믹","106","52","108","53"
"2019","2","11620","관악구","HL","상권축소","105","51","105","51"
"2019","2","11590","동작구","HH","정체","112","56","108","53"
"2019","2","11560","영등포구","HH","정체","113","53","108","53"
"2019","2","11545","금천구","LL","다이나믹","102","51","108","53"
"2019","2","11530","구로구","LL","다이나믹","107","51","108","53"
"2019","2","11500","강서구","LL","다이나믹","93","50","108","53"
"2019","2","11470","양천구","LL","다이나믹","103","50","108","53"
"2019","2","11440","마포구","LL","다이나믹","90","50","108","53"
"2019","2","11410","서대문구","HH","정체","112","55","108","53"
"2019","2","11380","은평구","LL","다이나믹","102","52","108","53"
"2019","2","11380","은평구","LH","상권확장","101","52","105","51"
"2019","2","11350","노원구","LL","다이나믹","99","51","108","53"
"2019","2","11320","도봉구","LL","다이나믹","101","50","108","53"
"2019","2","11305","강북구","LL","다이나믹","104","50","108","53"
"2019","2","11290","성북구","HH","정체","110","55","108","53"
"2019","2","11260","중랑구","LL","다이나믹","105","50","108","53"
"2019","2","11260","중랑구","HL","상권축소","106","49","105","51"
"2019","2","11230","동대문구","HH","정체","120","56","108","53"
"2019","2","11215","광진구","LL","다이나믹","103","52","108","53"
"2019","2","11200","성동구","LH","상권확장","104","56","108","53"
"2019","2","11170","용산구","HH","정체","117","57","108","53"
"2019","2","11140","중구","HH","정체","132","62","108","53"
"2019","2","11110","종로구","HH","정체","126","62","108","53"
"2019","1","11740","강동구","LL","다이나믹","102","49","107","53"
"2019","1","11710","송파구","LL","다이나믹","97","49","104","51"
"2019","1","11710","송파구","LH","상권확장","105","53","107","53"
"2019","1","11680","강남구","LL","다이나믹","98","49","107","53"
"2019","1","11650","서초구","HH","정체","114","53","107","53"
"2019","1","11620","관악구","LL","다이나믹","105","51","107","53"
"2019","1","11620","관악구","HL","상권축소","104","51","104","51"
"2019","1","11590","동작구","HH","정체","110","56","107","53"
"2019","1","11560","영등포구","HH","정체","112","53","107","53"
"2019","1","11545","금천구","LL","다이나믹","101","51","107","53"
"2019","1","11530","구로구","LL","다이나믹","106","51","107","53"
"2019","1","11500","강서구","LL","다이나믹","92","50","107","53"
"2019","1","11470","양천구","LL","다이나믹","102","50","107","53"
"2019","1","11440","마포구","LL","다이나믹","90","50","107","53"
"2019","1","11410","서대문구","HH","정체","112","54","107","53"
"2019","1","11380","은평구","LL","다이나믹","101","52","107","53"
"2019","1","11380","은평구","LH","상권확장","101","52","104","51"
"2019","1","11350","노원구","LL","다이나믹","98","50","107","53"
"2019","1","11320","도봉구","LL","다이나믹","100","50","107","53"
"2019","1","11305","강북구","LL","다이나믹","103","50","107","53"
"2019","1","11290","성북구","HH","정체","109","55","107","53"
"2019","1","11260","중랑구","LL","다이나믹","105","50","107","53"
"2019","1","11260","중랑구","HL","상권축소","105","49","104","51"
"2019","1","11230","동대문구","HH","정체","118","55","107","53"
"2019","1","11215","광진구","LL","다이나믹","103","51","107","53"
"2019","1","11200","성동구","LH","상권확장","103","56","107","53"
"2019","1","11170","용산구","HH","정체","116","56","107","53"
"2019","1","11140","중구","HH","정체","130","61","107","53"
"2019","1","11110","종로구","HH","정체","125","62","107","53"
"2018","4","11740","강동구","LL","다이나믹","100","49","102","51"
"2018","4","11710","송파구","LL","다이나믹","95","49","102","51"
"2018","4","11680","강남구","LL","다이나믹","93","48","102","51"
"2018","4","11650","서초구","HL","상권축소","107","51","102","51"
"2018","4","11620","관악구","LL","다이나믹","102","51","102","51"
"2018","4","11590","동작구","HH","정체","106","54","102","51"
"2018","4","11560","영등포구","HH","정체","108","51","102","51"
"2018","4","11545","금천구","LL","다이나믹","97","50","102","51"
"2018","4","11530","구로구","LL","다이나믹","99","50","102","51"
"2018","4","11500","강서구","LL","다이나믹","89","48","102","51"
"2018","4","11470","양천구","LL","다이나믹","99","49","102","51"
"2018","4","11440","마포구","LL","다이나믹","86","49","102","51"
"2018","4","11410","서대문구","HH","정체","111","54","102","51"
"2018","4","11380","은평구","LH","상권확장","98","52","102","51"
"2018","4","11350","노원구","LL","다이나믹","97","50","102","51"
"2018","4","11320","도봉구","LL","다이나믹","98","49","102","51"
"2018","4","11305","강북구","LL","다이나믹","100","49","102","51"
"2018","4","11290","성북구","HH","정체","108","54","102","51"
"2018","4","11260","중랑구","HL","상권축소","103","49","102","51"
"2018","4","11230","동대문구","HH","정체","114","52","102","51"
"2018","4","11215","광진구","LL","다이나믹","100","51","102","51"
"2018","4","11200","성동구","LH","상권확장","97","53","102","51"
"2018","4","11170","용산구","HH","정체","112","54","102","51"
"2018","4","11140","중구","HH","정체","131","57","102","51"
"2018","4","11110","종로구","HH","정체","120","58","102","51"
"2018","3","11740","강동구","LL","다이나믹","98","48","101","51"
"2018","3","11710","송파구","LL","다이나믹","94","49","101","51"
"2018","3","11680","강남구","LL","다이나믹","92","48","101","51"
"2018","3","11650","서초구","HL","상권축소","106","51","101","51"
"2018","3","11620","관악구","LL","다이나믹","101","50","101","51"
"2018","3","11590","동작구","HH","정체","105","53","101","51"
"2018","3","11560","영등포구","HH","정체","107","51","101","51"
"2018","3","11545","금천구","LL","다이나믹","96","49","101","51"
"2018","3","11530","구로구","LL","다이나믹","98","50","101","51"
"2018","3","11500","강서구","LL","다이나믹","88","48","101","51"
"2018","3","11470","양천구","LL","다이나믹","97","49","101","51"
"2018","3","11440","마포구","LL","다이나믹","85","49","101","51"
"2018","3","11410","서대문구","HH","정체","110","54","101","51"
"2018","3","11380","은평구","LH","상권확장","98","51","101","51"
"2018","3","11350","노원구","LL","다이나믹","95","50","101","51"
"2018","3","11320","도봉구","LL","다이나믹","97","49","101","51"
"2018","3","11305","강북구","LL","다이나믹","99","49","101","51"
"2018","3","11290","성북구","HH","정체","106","54","101","51"
"2018","3","11260","중랑구","HL","상권축소","102","49","101","51"
"2018","3","11230","동대문구","HH","정체","113","52","101","51"
"2018","3","11215","광진구","LL","다이나믹","99","50","101","51"
"2018","3","11200","성동구","LH","상권확장","97","53","101","51"
"2018","3","11170","용산구","HH","정체","111","54","101","51"
"2018","3","11140","중구","HH","정체","130","57","101","51"
"2018","3","11110","종로구","HH","정체","120","58","101","51"
"2018","2","11740","강동구","LL","다이나믹","97","48","100","51"
"2018","2","11710","송파구","LL","다이나믹","93","49","100","51"
"2018","2","11680","강남구","LL","다이나믹","91","47","100","51"
"2018","2","11650","서초구","HL","상권축소","105","50","100","51"
"2018","2","11620","관악구","LL","다이나믹","99","50","100","51"
"2018","2","11590","동작구","HH","정체","104","53","100","51"
"2018","2","11560","영등포구","HL","상권축소","106","51","100","51"
"2018","2","11545","금천구","LL","다이나믹","95","49","100","51"
"2018","2","11530","구로구","LL","다이나믹","97","50","100","51"
"2018","2","11500","강서구","LL","다이나믹","87","48","100","51"
"2018","2","11470","양천구","LL","다이나믹","96","49","100","51"
"2018","2","11440","마포구","LL","다이나믹","84","49","100","51"
"2018","2","11410","서대문구","HH","정체","110","54","100","51"
"2018","2","11380","은평구","LH","상권확장","96","51","100","51"
"2018","2","11350","노원구","LL","다이나믹","94","49","100","51"
"2018","2","11320","도봉구","LL","다이나믹","96","49","100","51"
"2018","2","11305","강북구","LL","다이나믹","98","49","100","51"
"2018","2","11290","성북구","HH","정체","105","54","100","51"
"2018","2","11260","중랑구","HL","상권축소","101","49","100","51"
"2018","2","11230","동대문구","HH","정체","112","52","100","51"
"2018","2","11215","광진구","LL","다이나믹","98","50","100","51"
"2018","2","11200","성동구","LH","상권확장","96","53","100","51"
"2018","2","11170","용산구","HH","정체","111","54","100","51"
"2018","2","11140","중구","HH","정체","129","57","100","51"
"2018","2","11110","종로구","HH","정체","119","58","100","51"
"2018","1","11740","강동구","LL","다이나믹","96","48","100","50"
"2018","1","11710","송파구","LL","다이나믹","92","48","100","50"
"2018","1","11680","강남구","LL","다이나믹","90","47","100","50"
"2018","1","11650","서초구","HL","상권축소","104","50","100","50"
"2018","1","11620","관악구","LL","다이나믹","99","50","100","50"
"2018","1","11590","동작구","HH","정체","103","53","100","50"
"2018","1","11560","영등포구","HL","상권축소","105","50","100","50"
"2018","1","11545","금천구","LL","다이나믹","94","49","100","50"
"2018","1","11530","구로구","LL","다이나믹","95","50","100","50"
"2018","1","11500","강서구","LL","다이나믹","87","48","100","50"
"2018","1","11470","양천구","LL","다이나믹","95","48","100","50"
"2018","1","11440","마포구","LL","다이나믹","84","49","100","50"
"2018","1","11410","서대문구","HH","정체","109","53","100","50"
"2018","1","11380","은평구","LH","상권확장","95","51","100","50"
"2018","1","11350","노원구","LL","다이나믹","93","49","100","50"
"2018","1","11320","도봉구","LL","다이나믹","95","48","100","50"
"2018","1","11305","강북구","LL","다이나믹","97","49","100","50"
"2018","1","11290","성북구","HH","정체","104","53","100","50"
"2018","1","11260","중랑구","HL","상권축소","100","48","100","50"
"2018","1","11230","동대문구","HH","정체","111","51","100","50"
"2018","1","11215","광진구","LL","다이나믹","97","50","100","50"
"2018","1","11200","성동구","LH","상권확장","96","53","100","50"
"2018","1","11170","용산구","HH","정체","110","54","100","50"
"2018","1","11140","중구","HH","정체","128","56","100","50"
"2018","1","11110","종로구","HH","정체","119","57","100","50"
"2017","4","11740","강동구","LL","다이나믹","95","48","98","50"
"2017","4","11710","송파구","LL","다이나믹","91","48","98","50"
"2017","4","11680","강남구","LL","다이나믹","88","47","98","50"
"2017","4","11650","서초구","HL","상권축소","103","50","98","50"
"2017","4","11620","관악구","LL","다이나믹","97","50","98","50"
"2017","4","11590","동작구","HH","정체","102","53","98","50"
"2017","4","11560","영등포구","HL","상권축소","104","50","98","50"
"2017","4","11545","금천구","LL","다이나믹","92","49","98","50"
"2017","4","11530","구로구","LL","다이나믹","94","49","98","50"
"2017","4","11500","강서구","LL","다이나믹","86","48","98","50"
"2017","4","11470","양천구","LL","다이나믹","94","48","98","50"
"2017","4","11440","마포구","LL","다이나믹","83","49","98","50"
"2017","4","11410","서대문구","HH","정체","108","53","98","50"
"2017","4","11380","은평구","LH","상권확장","94","51","98","50"
"2017","4","11350","노원구","LL","다이나믹","92","49","98","50"
"2017","4","11320","도봉구","LL","다이나믹","94","48","98","50"
"2017","4","11305","강북구","LL","다이나믹","96","49","98","50"
"2017","4","11290","성북구","HH","정체","104","53","98","50"
"2017","4","11260","중랑구","HL","상권축소","99","48","98","50"
"2017","4","11230","동대문구","HH","정체","110","51","98","50"
"2017","4","11215","광진구","LL","다이나믹","96","50","98","50"
"2017","4","11200","성동구","LH","상권확장","95","53","98","50"
"2017","4","11170","용산구","HH","정체","109","54","98","50"
"2017","4","11140","중구","HH","정체","127","56","98","50"
"2017","4","11110","종로구","HH","정체","118","57","98","50"
"2017","3","11740","강동구","LL","다이나믹","94","47","97","50"
"2017","3","11710","송파구","LL","다이나믹","90","48","97","50"
"2017","3","11680","강남구","LL","다이나믹","87","47","97","50"
"2017","3","11650","서초구","HL","상권축소","102","49","97","50"
"2017","3","11620","관악구","LL","다이나믹","96","50","97","50"
"2017","3","11590","동작구","HH","정체","101","52","97","50"
"2017","3","11560","영등포구","HL","상권축소","103","50","97","50"
"2017","3","11545","금천구","LL","다이나믹","91","48","97","50"
"2017","3","11530","구로구","LL","다이나믹","93","49","97","50"
"2017","3","11500","강서구","LL","다이나믹","86","47","97","50"
"2017","3","11470","양천구","LL","다이나믹","93","48","97","50"
"2017","3","11440","마포구","LL","다이나믹","82","48","97","50"
"2017","3","11410","서대문구","HH","정체","106","53","97","50"
"2017","3","11380","은평구","LH","상권확장","93","50","97","50"
"2017","3","11350","노원구","LL","다이나믹","91","49","97","50"
"2017","3","11320","도봉구","LL","다이나믹","93","48","97","50"
"2017","3","11305","강북구","LL","다이나믹","95","48","97","50"
"2017","3","11290","성북구","HH","정체","102","53","97","50"
"2017","3","11260","중랑구","HL","상권축소","97","48","97","50"
"2017","3","11230","동대문구","HH","정체","108","51","97","50"
"2017","3","11215","광진구","LL","다이나믹","95","50","97","50"
"2017","3","11200","성동구","LH","상권확장","94","52","97","50"
"2017","3","11170","용산구","HH","정체","108","53","97","50"
"2017","3","11140","중구","HH","정체","126","55","97","50"
"2017","3","11110","종로구","HH","정체","117","57","97","50"
"2017","2","11740","강동구","LL","다이나믹","93","47","97","50"
"2017","2","11710","송파구","LL","다이나믹","90","48","97","50"
"2017","2","11680","강남구","LL","다이나믹","87","47","97","50"
"2017","2","11650","서초구","HL","상권축소","101","49","97","50"
"2017","2","11620","관악구","LL","다이나믹","96","49","97","50"
"2017","2","11590","동작구","HH","정체","100","52","97","50"
"2017","2","11560","영등포구","HL","상권축소","102","50","97","50"
"2017","2","11545","금천구","LL","다이나믹","90","48","97","50"
"2017","2","11530","구로구","LL","다이나믹","93","49","97","50"
"2017","2","11500","강서구","LL","다이나믹","86","47","97","50"
"2017","2","11470","양천구","LL","다이나믹","92","48","97","50"
"2017","2","11440","마포구","LL","다이나믹","82","48","97","50"
"2017","2","11410","서대문구","HH","정체","106","52","97","50"
"2017","2","11380","은평구","LH","상권확장","93","50","97","50"
"2017","2","11350","노원구","LL","다이나믹","91","48","97","50"
"2017","2","11320","도봉구","LL","다이나믹","92","48","97","50"
"2017","2","11305","강북구","LL","다이나믹","95","48","97","50"
"2017","2","11290","성북구","HH","정체","102","52","97","50"
"2017","2","11260","중랑구","LL","다이나믹","97","47","97","50"
"2017","2","11230","동대문구","HH","정체","108","50","97","50"
"2017","2","11215","광진구","LL","다이나믹","95","49","97","50"
"2017","2","11200","성동구","LH","상권확장","94","52","97","50"
"2017","2","11170","용산구","HH","정체","108","53","97","50"
"2017","2","11140","중구","HH","정체","125","55","97","50"
"2017","2","11110","종로구","HH","정체","116","57","97","50"
"2017","1","11740","강동구","LL","다이나믹","93","47","97","49"
"2017","1","11710","송파구","LL","다이나믹","90","47","97","49"
"2017","1","11680","강남구","LL","다이나믹","87","46","97","49"
"2017","1","11650","서초구","HL","상권축소","101","49","97","49"
"2017","1","11620","관악구","LL","다이나믹","96","49","97","49"
"2017","1","11590","동작구","HH","정체","100","52","97","49"
"2017","1","11560","영등포구","HL","상권축소","102","49","97","49"
"2017","1","11545","금천구","LL","다이나믹","90","48","97","49"
"2017","1","11530","구로구","LL","다이나믹","92","49","97","49"
"2017","1","11500","강서구","LL","다이나믹","86","47","97","49"
"2017","1","11470","양천구","LL","다이나믹","92","47","97","49"
"2017","1","11440","마포구","LL","다이나믹","82","48","97","49"
"2017","1","11410","서대문구","HH","정체","105","52","97","49"
"2017","1","11380","은평구","LH","상권확장","93","50","97","49"
"2017","1","11350","노원구","LL","다이나믹","90","48","97","49"
"2017","1","11320","도봉구","LL","다이나믹","92","47","97","49"
"2017","1","11305","강북구","LL","다이나믹","94","48","97","49"
"2017","1","11290","성북구","HH","정체","101","52","97","49"
"2017","1","11260","중랑구","LL","다이나믹","96","47","97","49"
"2017","1","11230","동대문구","HH","정체","107","50","97","49"
"2017","1","11215","광진구","LL","다이나믹","94","49","97","49"
"2017","1","11200","성동구","LH","상권확장","95","52","97","49"
"2017","1","11170","용산구","HH","정체","107","53","97","49"
"2017","1","11140","중구","HH","정체","124","55","97","49"
"2017","1","11110","종로구","HH","정체","116","56","97","49"
"2016","4","11740","강동구","LL","다이나믹","92","47","96","49"
"2016","4","11710","송파구","LL","다이나믹","90","47","96","49"
"2016","4","11680","강남구","LL","다이나믹","86","46","96","49"
"2016","4","11650","서초구","HL","상권축소","100","49","96","49"
"2016","4","11620","관악구","LL","다이나믹","95","49","96","49"
"2016","4","11590","동작구","HH","정체","100","51","96","49"
"2016","4","11560","영등포구","HL","상권축소","101","49","96","49"
"2016","4","11545","금천구","LL","다이나믹","89","48","96","49"
"2016","4","11530","구로구","LL","다이나믹","91","48","96","49"
"2016","4","11500","강서구","LL","다이나믹","86","47","96","49"
"2016","4","11470","양천구","LL","다이나믹","91","47","96","49"
"2016","4","11440","마포구","LL","다이나믹","82","48","96","49"
"2016","4","11410","서대문구","HH","정체","105","52","96","49"
"2016","4","11380","은평구","LH","상권확장","92","50","96","49"
"2016","4","11350","노원구","LL","다이나믹","90","48","96","49"
"2016","4","11320","도봉구","LL","다이나믹","91","47","96","49"
"2016","4","11305","강북구","LL","다이나믹","94","48","96","49"
"2016","4","11290","성북구","HH","정체","100","52","96","49"
"2016","4","11260","중랑구","LL","다이나믹","95","47","96","49"
"2016","4","11230","동대문구","HH","정체","107","50","96","49"
"2016","4","11215","광진구","LL","다이나믹","94","49","96","49"
"2016","4","11200","성동구","LH","상권확장","95","51","96","49"
"2016","4","11170","용산구","HH","정체","106","52","96","49"
"2016","4","11140","중구","HH","정체","124","54","96","49"
"2016","4","11110","종로구","HH","정체","116","56","96","49"
"2016","3","11740","강동구","LL","다이나믹","92","46","96","49"
"2016","3","11710","송파구","LL","다이나믹","90","47","96","49"
"2016","3","11680","강남구","LL","다이나믹","86","46","96","49"
"2016","3","11650","서초구","HL","상권축소","100","48","96","49"
"2016","3","11620","관악구","LL","다이나믹","95","49","96","49"
"2016","3","11590","동작구","HH","정체","99","51","96","49"
"2016","3","11560","영등포구","HL","상권축소","101","48","96","49"
"2016","3","11545","금천구","LL","다이나믹","89","47","96","49"
"2016","3","11530","구로구","LL","다이나믹","90","48","96","49"
"2016","3","11500","강서구","LL","다이나믹","86","46","96","49"
"2016","3","11470","양천구","LL","다이나믹","90","46","96","49"
"2016","3","11440","마포구","LL","다이나믹","82","48","96","49"
"2016","3","11410","서대문구","HH","정체","104","51","96","49"
"2016","3","11380","은평구","LH","상권확장","93","49","96","49"
"2016","3","11350","노원구","LL","다이나믹","89","47","96","49"
"2016","3","11320","도봉구","LL","다이나믹","91","47","96","49"
"2016","3","11305","강북구","LL","다이나믹","93","47","96","49"
"2016","3","11290","성북구","HH","정체","100","51","96","49"
"2016","3","11260","중랑구","LL","다이나믹","95","47","96","49"
"2016","3","11230","동대문구","HH","정체","106","49","96","49"
"2016","3","11215","광진구","LL","다이나믹","93","48","96","49"
"2016","3","11200","성동구","LH","상권확장","95","51","96","49"
"2016","3","11170","용산구","HH","정체","106","52","96","49"
"2016","3","11140","중구","HH","정체","122","54","96","49"
"2016","3","11110","종로구","HH","정체","115","56","96","49"
"2016","2","11740","강동구","LL","다이나믹","92","46","95","48"
"2016","2","11710","송파구","LL","다이나믹","90","46","95","48"
"2016","2","11680","강남구","LL","다이나믹","86","45","95","48"
"2016","2","11650","서초구","HL","상권축소","99","48","95","48"
"2016","2","11620","관악구","LL","다이나믹","94","48","95","48"
"2016","2","11590","동작구","HH","정체","98","51","95","48"
"2016","2","11560","영등포구","HL","상권축소","100","48","95","48"
"2016","2","11545","금천구","LL","다이나믹","88","47","95","48"
"2016","2","11530","구로구","LL","다이나믹","90","48","95","48"
"2016","2","11500","강서구","LL","다이나믹","86","46","95","48"
"2016","2","11470","양천구","LL","다이나믹","90","46","95","48"
"2016","2","11440","마포구","LL","다이나믹","82","47","95","48"
"2016","2","11410","서대문구","HH","정체","104","51","95","48"
"2016","2","11380","은평구","LH","상권확장","92","49","95","48"
"2016","2","11350","노원구","LL","다이나믹","88","47","95","48"
"2016","2","11320","도봉구","LL","다이나믹","90","46","95","48"
"2016","2","11305","강북구","LL","다이나믹","93","47","95","48"
"2016","2","11290","성북구","HH","정체","99","51","95","48"
"2016","2","11260","중랑구","LL","다이나믹","94","46","95","48"
"2016","2","11230","동대문구","HH","정체","105","49","95","48"
"2016","2","11215","광진구","LL","다이나믹","93","48","95","48"
"2016","2","11200","성동구","HH","정체","96","50","95","48"
"2016","2","11170","용산구","HH","정체","105","52","95","48"
"2016","2","11140","중구","HH","정체","122","54","95","48"
"2016","2","11110","종로구","HH","정체","114","55","95","48"
"2016","1","11740","강동구","LL","다이나믹","92","45","96","48"
"2016","1","11710","송파구","LL","다이나믹","90","46","96","48"
"2016","1","11680","강남구","LL","다이나믹","86","45","96","48"
"2016","1","11650","서초구","HL","상권축소","99","47","96","48"
"2016","1","11620","관악구","LH","상권확장","95","48","96","48"
"2016","1","11590","동작구","HH","정체","99","50","96","48"
"2016","1","11560","영등포구","HL","상권축소","100","48","96","48"
"2016","1","11545","금천구","LL","다이나믹","88","47","96","48"
"2016","1","11530","구로구","LL","다이나믹","90","47","96","48"
"2016","1","11500","강서구","LL","다이나믹","86","46","96","48"
"2016","1","11470","양천구","LL","다이나믹","90","46","96","48"
"2016","1","11440","마포구","LL","다이나믹","83","47","96","48"
"2016","1","11410","서대문구","HH","정체","104","51","96","48"
"2016","1","11380","은평구","LH","상권확장","93","49","96","48"
"2016","1","11350","노원구","LL","다이나믹","88","46","96","48"
"2016","1","11320","도봉구","LL","다이나믹","90","46","96","48"
"2016","1","11305","강북구","LL","다이나믹","93","47","96","48"
"2016","1","11290","성북구","HH","정체","99","51","96","48"
"2016","1","11260","중랑구","LL","다이나믹","94","46","96","48"
"2016","1","11230","동대문구","HH","정체","105","49","96","48"
"2016","1","11215","광진구","LL","다이나믹","93","48","96","48"
"2016","1","11200","성동구","HH","정체","96","50","96","48"
"2016","1","11170","용산구","HH","정체","105","51","96","48"
"2016","1","11140","중구","HH","정체","121","53","96","48"
"2016","1","11110","종로구","HH","정체","114","55","96","48"
"2015","4","11740","강동구","LL","다이나믹","91","45","95","48"
"2015","4","11710","송파구","LL","다이나믹","90","46","95","48"
"2015","4","11680","강남구","LL","다이나믹","86","45","95","48"
"2015","4","11650","서초구","HL","상권축소","99","47","95","48"
"2015","4","11620","관악구","LH","상권확장","94","48","95","48"
"2015","4","11590","동작구","HH","정체","99","50","95","48"
"2015","4","11560","영등포구","HL","상권축소","100","47","95","48"
"2015","4","11545","금천구","LL","다이나믹","88","47","95","48"
"2015","4","11530","구로구","LL","다이나믹","90","47","95","48"
"2015","4","11500","강서구","LL","다이나믹","86","45","95","48"
"2015","4","11470","양천구","LL","다이나믹","89","45","95","48"
"2015","4","11440","마포구","LL","다이나믹","83","47","95","48"
"2015","4","11410","서대문구","HH","정체","103","50","95","48"
"2015","4","11380","은평구","LH","상권확장","92","48","95","48"
"2015","4","11350","노원구","LL","다이나믹","89","46","95","48"
"2015","4","11320","도봉구","LL","다이나믹","90","46","95","48"
"2015","4","11305","강북구","LL","다이나믹","93","46","95","48"
"2015","4","11290","성북구","HH","정체","99","50","95","48"
"2015","4","11260","중랑구","LL","다이나믹","94","46","95","48"
"2015","4","11230","동대문구","HH","정체","104","48","95","48"
"2015","4","11215","광진구","LL","다이나믹","93","47","95","48"
"2015","4","11200","성동구","HH","정체","96","50","95","48"
"2015","4","11170","용산구","HH","정체","105","51","95","48"
"2015","4","11140","중구","HH","정체","121","53","95","48"
"2015","4","11110","종로구","HH","정체","114","54","95","48"
"2015","3","11740","강동구","LL","다이나믹","90","44","95","47"
"2015","3","11710","송파구","LL","다이나믹","89","45","95","47"
"2015","3","11680","강남구","LL","다이나믹","86","44","95","47"
"2015","3","11650","서초구","HL","상권축소","98","46","95","47"
"2015","3","11620","관악구","LH","상권확장","94","47","95","47"
"2015","3","11590","동작구","HH","정체","98","49","95","47"
"2015","3","11560","영등포구","HL","상권축소","100","47","95","47"
"2015","3","11545","금천구","LL","다이나믹","88","46","95","47"
"2015","3","11530","구로구","LL","다이나믹","90","47","95","47"
"2015","3","11500","강서구","LL","다이나믹","85","45","95","47"
"2015","3","11470","양천구","LL","다이나믹","89","45","95","47"
"2015","3","11440","마포구","LL","다이나믹","83","46","95","47"
"2015","3","11410","서대문구","HH","정체","103","50","95","47"
"2015","3","11380","은평구","LH","상권확장","92","48","95","47"
"2015","3","11350","노원구","LL","다이나믹","88","45","95","47"
"2015","3","11320","도봉구","LL","다이나믹","89","45","95","47"
"2015","3","11305","강북구","LL","다이나믹","93","46","95","47"
"2015","3","11290","성북구","HH","정체","99","50","95","47"
"2015","3","11260","중랑구","LL","다이나믹","94","45","95","47"
"2015","3","11230","동대문구","HH","정체","103","48","95","47"
"2015","3","11215","광진구","LL","다이나믹","93","47","95","47"
"2015","3","11200","성동구","HH","정체","95","49","95","47"
"2015","3","11170","용산구","HH","정체","104","50","95","47"
"2015","3","11140","중구","HH","정체","120","52","95","47"
"2015","3","11110","종로구","HH","정체","114","54","95","47"
"2015","2","11740","강동구","LL","다이나믹","90","44","95","47"
"2015","2","11710","송파구","LL","다이나믹","89","45","95","47"
"2015","2","11680","강남구","LL","다이나믹","85","44","95","47"
"2015","2","11650","서초구","HL","상권축소","98","46","95","47"
"2015","2","11620","관악구","LL","다이나믹","94","47","95","47"
"2015","2","11590","동작구","HH","정체","97","49","95","47"
"2015","2","11560","영등포구","HL","상권축소","99","46","95","47"
"2015","2","11545","금천구","LL","다이나믹","87","46","95","47"
"2015","2","11530","구로구","LL","다이나믹","89","46","95","47"
"2015","2","11500","강서구","LL","다이나믹","85","45","95","47"
"2015","2","11470","양천구","LL","다이나믹","89","44","95","47"
"2015","2","11440","마포구","LL","다이나믹","83","46","95","47"
"2015","2","11410","서대문구","HH","정체","103","50","95","47"
"2015","2","11380","은평구","LH","상권확장","92","47","95","47"
"2015","2","11350","노원구","LL","다이나믹","88","45","95","47"
"2015","2","11320","도봉구","LL","다이나믹","89","45","95","47"
"2015","2","11305","강북구","LL","다이나믹","92","45","95","47"
"2015","2","11290","성북구","HH","정체","98","49","95","47"
"2015","2","11260","중랑구","LL","다이나믹","94","45","95","47"
"2015","2","11230","동대문구","HH","정체","103","47","95","47"
"2015","2","11215","광진구","LL","다이나믹","92","46","95","47"
"2015","2","11200","성동구","HH","정체","95","49","95","47"
"2015","2","11170","용산구","HH","정체","104","50","95","47"
"2015","2","11140","중구","HH","정체","119","52","95","47"
"2015","2","11110","종로구","HH","정체","113","53","95","47"
"2015","1","11740","강동구","LL","다이나믹","90","43","94","46"
"2015","1","11710","송파구","LL","다이나믹","89","44","94","46"
"2015","1","11680","강남구","LL","다이나믹","85","43","94","46"
"2015","1","11650","서초구","HL","상권축소","98","46","94","46"
"2015","1","11620","관악구","LL","다이나믹","94","46","94","46"
"2015","1","11590","동작구","HH","정체","97","49","94","46"
"2015","1","11560","영등포구","HL","상권축소","99","46","94","46"
"2015","1","11545","금천구","LL","다이나믹","87","45","94","46"
"2015","1","11530","구로구","LL","다이나믹","89","46","94","46"
"2015","1","11500","강서구","LL","다이나믹","85","44","94","46"
"2015","1","11470","양천구","LL","다이나믹","89","44","94","46"
"2015","1","11440","마포구","LL","다이나믹","83","45","94","46"
"2015","1","11410","서대문구","HH","정체","103","49","94","46"
"2015","1","11380","은평구","LH","상권확장","91","47","94","46"
"2015","1","11350","노원구","LL","다이나믹","87","45","94","46"
"2015","1","11320","도봉구","LL","다이나믹","89","44","94","46"
"2015","1","11305","강북구","LL","다이나믹","92","45","94","46"
"2015","1","11290","성북구","HH","정체","98","48","94","46"
"2015","1","11260","중랑구","LL","다이나믹","93","44","94","46"
"2015","1","11230","동대문구","HH","정체","103","47","94","46"
"2015","1","11215","광진구","LL","다이나믹","92","46","94","46"
"2015","1","11200","성동구","HH","정체","95","48","94","46"
"2015","1","11170","용산구","HH","정체","104","50","94","46"
"2015","1","11140","중구","HH","정체","118","51","94","46"
"2015","1","11110","종로구","HH","정체","113","53","94","46"
"2014","4","11740","강동구","LL","다이나믹","89","43","94","46"
"2014","4","11710","송파구","LL","다이나믹","88","44","94","46"
"2014","4","11680","강남구","LL","다이나믹","84","43","94","46"
"2014","4","11650","서초구","HL","상권축소","97","45","94","46"
"2014","4","11620","관악구","LL","다이나믹","93","46","94","46"
"2014","4","11590","동작구","HH","정체","96","48","94","46"
"2014","4","11560","영등포구","HL","상권축소","98","45","94","46"
"2014","4","11545","금천구","LL","다이나믹","86","45","94","46"
"2014","4","11530","구로구","LL","다이나믹","88","45","94","46"
"2014","4","11500","강서구","LL","다이나믹","85","44","94","46"
"2014","4","11470","양천구","LL","다이나믹","88","43","94","46"
"2014","4","11440","마포구","LL","다이나믹","82","45","94","46"
"2014","4","11410","서대문구","HH","정체","102","49","94","46"
"2014","4","11380","은평구","LH","상권확장","90","46","94","46"
"2014","4","11350","노원구","LL","다이나믹","87","44","94","46"
"2014","4","11320","도봉구","LL","다이나믹","89","44","94","46"
"2014","4","11305","강북구","LL","다이나믹","92","44","94","46"
"2014","4","11290","성북구","HH","정체","98","48","94","46"
"2014","4","11260","중랑구","LL","다이나믹","92","44","94","46"
"2014","4","11230","동대문구","HH","정체","102","46","94","46"
"2014","4","11215","광진구","LL","다이나믹","91","45","94","46"
"2014","4","11200","성동구","HH","정체","94","48","94","46"
"2014","4","11170","용산구","HH","정체","103","49","94","46"
"2014","4","11140","중구","HH","정체","117","51","94","46"
"2014","4","11110","종로구","HH","정체","112","52","94","46"
"2014","3","11740","강동구","LL","다이나믹","88","42","93","45"
"2014","3","11710","송파구","LL","다이나믹","87","43","93","45"
"2014","3","11680","강남구","LL","다이나믹","84","42","93","45"
"2014","3","11650","서초구","HL","상권축소","96","44","93","45"
"2014","3","11620","관악구","LL","다이나믹","92","45","93","45"
"2014","3","11590","동작구","HH","정체","95","47","93","45"
"2014","3","11560","영등포구","HL","상권축소","97","45","93","45"
"2014","3","11545","금천구","LL","다이나믹","85","44","93","45"
"2014","3","11530","구로구","LL","다이나믹","87","45","93","45"
"2014","3","11500","강서구","LL","다이나믹","84","43","93","45"
"2014","3","11470","양천구","LL","다이나믹","87","43","93","45"
"2014","3","11440","마포구","LL","다이나믹","82","44","93","45"
"2014","3","11410","서대문구","HH","정체","101","48","93","45"
"2014","3","11380","은평구","LH","상권확장","90","46","93","45"
"2014","3","11350","노원구","LL","다이나믹","86","43","93","45"
"2014","3","11320","도봉구","LL","다이나믹","88","43","93","45"
"2014","3","11305","강북구","LL","다이나믹","91","44","93","45"
"2014","3","11290","성북구","HH","정체","97","47","93","45"
"2014","3","11260","중랑구","LL","다이나믹","91","43","93","45"
"2014","3","11230","동대문구","HH","정체","101","46","93","45"
"2014","3","11215","광진구","LL","다이나믹","90","45","93","45"
"2014","3","11200","성동구","HH","정체","94","47","93","45"
"2014","3","11170","용산구","HH","정체","103","48","93","45"
"2014","3","11140","중구","HH","정체","116","50","93","45"
"2014","3","11110","종로구","HH","정체","111","52","93","45"
"2014","2","11740","강동구","LL","다이나믹","87","42","92","45"
"2014","2","11710","송파구","LL","다이나믹","86","43","92","45"
"2014","2","11680","강남구","LL","다이나믹","83","42","92","45"
"2014","2","11650","서초구","HL","상권축소","95","44","92","45"
"2014","2","11620","관악구","LL","다이나믹","91","45","92","45"
"2014","2","11590","동작구","HH","정체","94","47","92","45"
"2014","2","11560","영등포구","HL","상권축소","96","44","92","45"
"2014","2","11545","금천구","LL","다이나믹","85","44","92","45"
"2014","2","11530","구로구","LL","다이나믹","87","44","92","45"
"2014","2","11500","강서구","LL","다이나믹","84","43","92","45"
"2014","2","11470","양천구","LL","다이나믹","86","42","92","45"
"2014","2","11440","마포구","LL","다이나믹","82","44","92","45"
"2014","2","11410","서대문구","HH","정체","100","48","92","45"
"2014","2","11380","은평구","LH","상권확장","89","45","92","45"
"2014","2","11350","노원구","LL","다이나믹","85","43","92","45"
"2014","2","11320","도봉구","LL","다이나믹","86","43","92","45"
"2014","2","11305","강북구","LL","다이나믹","90","43","92","45"
"2014","2","11290","성북구","HH","정체","96","47","92","45"
"2014","2","11260","중랑구","LL","다이나믹","91","42","92","45"
"2014","2","11230","동대문구","HH","정체","100","45","92","45"
"2014","2","11215","광진구","LL","다이나믹","90","44","92","45"
"2014","2","11200","성동구","HH","정체","93","47","92","45"
"2014","2","11170","용산구","HH","정체","102","48","92","45"
"2014","2","11140","중구","HH","정체","115","49","92","45"
"2014","2","11110","종로구","HH","정체","110","51","92","45"
"2014","1","11740","강동구","LL","다이나믹","86","41","91","44"
"2014","1","11710","송파구","LL","다이나믹","85","42","91","44"
"2014","1","11680","강남구","LL","다이나믹","82","41","91","44"
"2014","1","11650","서초구","HL","상권축소","94","43","91","44"
"2014","1","11620","관악구","LL","다이나믹","90","44","91","44"
"2014","1","11590","동작구","HH","정체","94","47","91","44"
"2014","1","11560","영등포구","HL","상권축소","95","44","91","44"
"2014","1","11545","금천구","LL","다이나믹","85","43","91","44"
"2014","1","11530","구로구","LL","다이나믹","86","44","91","44"
"2014","1","11500","강서구","LL","다이나믹","83","42","91","44"
"2014","1","11470","양천구","LL","다이나믹","85","42","91","44"
"2014","1","11440","마포구","LL","다이나믹","81","43","91","44"
"2014","1","11410","서대문구","HH","정체","99","47","91","44"
"2014","1","11380","은평구","LH","상권확장","88","45","91","44"
"2014","1","11350","노원구","LL","다이나믹","84","42","91","44"
"2014","1","11320","도봉구","LL","다이나믹","86","42","91","44"
"2014","1","11305","강북구","LL","다이나믹","89","43","91","44"
"2014","1","11290","성북구","HH","정체","95","46","91","44"
"2014","1","11260","중랑구","LL","다이나믹","90","42","91","44"
"2014","1","11230","동대문구","HH","정체","99","45","91","44"
"2014","1","11215","광진구","LL","다이나믹","89","44","91","44"
"2014","1","11200","성동구","HH","정체","93","46","91","44"
"2014","1","11170","용산구","HH","정체","101","47","91","44"
"2014","1","11140","중구","HH","정체","114","49","91","44"
"2014","1","11110","종로구","HH","정체","109","51","91","44"